Workbook

Sheet Ficha Distr EPI
B2: DISTRIBUIÇÃO DE EPI - ARMAZÉM | G2: Nr
B4: QTD | C4: Artigo | D4: Descrição / Ref.ª EPI | E4: Risco Associado | F4: Tamanho | G4: Nº Série
A6: =D6 -> CALÇA IMPERMIÁVEL TAM. L | B6: 1 | C6: 3000377 | D6: CALÇA IMPERMIÁVEL TAM. L
A7: =D7 -> PARKA IMPERM. ALTA VISIB. TAM. XXL | B7: 1 | C7: 3001021 | D7: PARKA IMPERM. ALTA VISIB. TAM. XXL | E7: =IFERROR(VLOOKUP(C7,Primavera!A:D,4,FALSE),"") -> 5; 11; 13
A8: =D8 -> T-SHIRT TAM. XXL | B8: 5 | C8: 3001376 | D8: T-SHIRT TAM. XXL | E8: =IFERROR(VLOOKUP(C8,Primavera!A:D,4,FALSE),"") -> 5; 11; 13
A9: =D9 -> CAMISOLA MANGA COMPRIDA TAM. XXL | B9: 3 | C9: 3000390 | D9: CAMISOLA MANGA COMPRIDA TAM. XXL | E9: =IFERROR(VLOOKUP(C9,Primavera!A:D,4,FALSE),"") -> 5; 11; 28
A10: =D10 -> LUVAS NITRIL PRETO TAM. L | B10: 1 | C10: 3000838 | D10: LUVAS NITRIL PRETO TAM. L | E10: =IFERROR(VLOOKUP(C10,Primavera!A:D,4,FALSE),"") -> 5; 6; 13; 14
A11: =D11 -> LUVAS LATEX TAM. L | B11: 1 | C11: 3000832 | D11: LUVAS LATEX TAM. L | E11: =IFERROR(VLOOKUP(C11,Primavera!A:D,4,FALSE),"") -> 5; 6; 13; 14
A12: =D12 -> BOTA PVC BIQ/PALM AÇO SAFETY T43 | B12: 1 | C12: 3000254 | D12: BOTA PVC BIQ/PALM AÇO SAFETY T43 | E12: =IFERROR(VLOOKUP(C12,Primavera!A:D,4,FALSE),"") -> 3; 4; 6; 11; 12; 13; 20
A13: =D13 -> CAPACETE C/ FITA DE APERTO | B13: 1 | C13: 3000393 | D13: CAPACETE C/ FITA DE APERTO | E13: =IFERROR(VLOOKUP(C13,Primavera!A:D,4,FALSE),"") -> 1; 2; 3; 9; 12; 13
A14: =D14 -> 0 | C14: =IFERROR(VLOOKUP(A14,Primavera!B:D,2,FALSE),"") | E14: =IFERROR(VLOOKUP(C14,Primavera!A:D,4,FALSE),"")
A15: =D15 -> 0 | C15: =IFERROR(VLOOKUP(A15,Primavera!B:D,2,FALSE),"") | E15: =IFERROR(VLOOKUP(C15,Primavera!A:D,4,FALSE),"")
A16: =D16 -> 0 | C16: =IFERROR(VLOOKUP(A16,Primavera!B:D,2,FALSE),"") | E16: =IFERROR(VLOOKUP(C16,Primavera!A:D,4,FALSE),"")
A17: =D17 -> 0 | C17: =IFERROR(VLOOKUP(A17,Primavera!B:D,2,FALSE),"") | E17: =IFERROR(VLOOKUP(C17,Primavera!A:D,4,FALSE),"")
B19: Declaração (DL 348/93 de 1 de Outubro)
B21: Declaro(a) que recebi os Equipamentos de Proteção Individual (EPI) acima mencionados e que fui informado(a) dos respetivos riscos que pretendem proteger, comprometendo-me a utilizá-los corretamene de acordo com as instruções recebidas, a conservá-los e mantê-los em bom estado, e a participar ao meu superior hierárquico todas as avarias ou deficiências de que tenha conhecimento.
B27: Superior Hierárquico:
D28: Nome: Ricardo Faria | F28: Data: | G28: 46112
B30: Armazém: (quem entregou o EPI)
D32: Assinatura: __________________________________________________________ | F32: Data:
B34: Colaborador(a): | D34: Rafael Lopes Lessa
F35: Nr. Colab. | G35: 2988
D36: Assinatura: _________________________________________________________ | F36: Data:

Sheet Nº Riscos
B2: RISCOS A PROTEGER
B3: Nº | C3: Risco
B4: 1 | C4: Queda em Altura
B5: 2 | C5: Queda ao Mesmo ou com Desnível
B6: 3 | C6: Queda de Objetos
B7: 4 | C7: Esmagamento
B8: 5 | C8: Queimadura
B9: 6 | C9: Entalamento
B10: 7 | C10: Atropelamento
B11: 8 | C11: Eletrocussão/ Eletrização
B12: 9 | C12: Pancada na Cabeça
B13: 10 | C13: Exposição ao Ruído
B14: 11 | C14: Exposição Agentes Químicos/ Poeiras
B15: 12 | C15: Choque com ou contra Objetos/ Equipamentos em movimento ou imóveis
... B17: 14 | C17: Golpe, Corte e /ou Perfuração

Sheet Primavera
A1: Artigo | B1: Descrição | C1: Artigo | D1: Cod Risco
A2: 3000169 | B2: ARNÊS SEGURANÇA P-60 ROZM TAM. M - XL | C2: 3000169 | D2: 1
A3: 3000170 | B3: ARNÊS SEGURANÇA P-71 TAM. M - XL | C3: 3000170 | D3: 1
A4: 3000171 | B4: ARNÊS SEGURANÇA P-90 TAM. M - XL | C4: 3000171 | D4: 1
A5: 3000216 | B5: BOTA BORBA T37 | C5: 3000216 | D5: 3; 4; 6; 11; 12; 13; 14
A6: 3000217 | B6: BOTA BORBA T38 | C6: 3000217 | D6: 3; 4; 6; 11; 12; 13; 14
A7: 3000218 | B7: BOTA BORBA T39 | C7: 3000218 | D7: 3; 4; 6; 11; 12; 13; 14
A8: 3000219 | B8: BOTA BORBA T40 | C8: 3000219 | D8: 3; 4; 6; 11; 12; 13; 14
A9: 3000220 | B9: BOTA BORBA T41 | C9: 3000220 | D9: 3; 4; 6; 11; 12; 13; 14
A10: 3000221 | B10: BOTA BORBA T42 | C10: 3000221 | D10: 3; 4; 6; 11; 12; 13; 14
A11: 3000222 | B11: BOTA BORBA T43 | C11: 3000222 | D11: 3; 4; 6; 11; 12; 13; 14
A12: 3000223 | B12: BOTA BORBA T44 | C12: 3000223 | D12: 3; 4; 6; 11; 12; 13; 14
A13: 3000224 | B13: BOTA BORBA T45 | C13: 3000224 | D13: 3; 4; 6; 11; 12; 13; 14
A14: 3000225 | B14: BOTA BORBA T46 | C14: 3000225 | D14: 3; 4; 6; 11; 12; 13; 14
A15: 3000226 | B15: BOTA BORBA T47 | C15: 3000226 | D15: 3; 4; 6; 11; 12; 13; 14
A16: 3000236 | B16: BOTA OXFORD T37 | C16: 3000236 | D16: 3; 4; 6; 11; 12; 13; 14
... A39: 3000259 | B39: BOTA PVC BIQ/PALM AÇO SAFETY T48 | C39: 3000259 | D39: 3; 4; 6; 11; 12; 13; 25
A40: 3000359 | B40: CADEIRA SUSPENSA P/ALTURA - BA100 | C40: 3000359 | D40: 1
A41: 3000364 | B41: CALÇA AZUL TAM. 3XL | C41: 3000364 | D41: 5; 11; 13
A42: 3000365 | B42: CALÇA AZUL TAM. L | C42: 3000365 | D42: 5; 11; 14
A43: 3000366 | B43: CALÇA AZUL TAM. M | C43: 3000366 | D43: 5; 11; 15
A44: 3000367 | B44: CALÇA AZUL TAM. S | C44: 3000367 | D44: 5; 11; 16
A45: 3000368 | B45: CALÇA AZUL TAM. XL | C45: 3000368 | D45: 5; 11; 17
A46: 3000369 | B46: CALÇA AZUL TAM. XXL | C46: 3000369 | D46: 5; 11; 18
A47: 3000376 | B47: CALÇA IMPERMIÁVEL C/ REFLETOR TAM. 3XL | C47: 3000376 | D47: 5; 11; 19
A48: 3000377 | B48: CALÇA IMPERMIÁVEL C/ REFLETOR TAM. L | C48: 3000377 | D48: 5; 11; 20
A49: 3000378 | B49: CALÇA IMPERMIÁVEL C/ REFLETOR TAM. M | C49: 3000378 | D49: 5; 11; 21
A50: 3000379 | B50: CALÇA IMPERMIÁVEL C/ REFLETOR TAM. S | C50: 3000379 | D50: 5; 11; 22
A51: 3000380 | B51: CALÇA IMPERMIÁVEL C/ REFLETOR TAM. XL | C51: 3000380 | D51: 5; 11; 23
A52: 3000381 | B52: CALÇA IMPERMIÁVEL C/ REFLETOR TAM. XXL | C52: 3000381 | D52: 5; 11; 24
... A61: 3000395 | B61: CAPACETE VERTEX HELMET BRANCO | C61: 3000395 | D61: 1; 2; 3; 9; 12; 13
A62: 3000405 | B62: CARRINHO CALHA SOL BODY CONTROL I | C62: 3000405 | D62: 1
A63: 3000408 | B63: CHAPÉU DE SOL C/PROTEÇÃO LATERAL | C63: 3000408 | D63: 1
A64: 3000445 | B64: CINTA ANCORAGEM ANNEAU 150CM (VERMELHO) | C64: 3000445 | D64: 5; 6; 13; 14
A65: 3000446 | B65: CINTA ANCORAGEM ANNEAU PMMC40 120CM (VERDE) | C65: 3000446 | D65: 5; 6; 13; 14
A66: 3000447 | B66: CINTA ANCORAGEM ANNEAU PMMC40 60CM (AMARELO) | C66: 3000447 | D66: 5; 6; 13; 14
A67: 3000448 | B67: CINTA C/ CATRACA 1000/3000KG - 8.5MT | C67: 3000448 | D67: 5; 6; 13; 14
A68: 3000449 | B68: CINTA C/ CATRACA 1000KG 5.70MT | C68: 3000449 | D68: 5; 6; 13; 14
A69: 3000450 | B69: CINTA C/ CATRACA 1500KG 6.5MT | C69: 3000450 | D69: 5; 6; 13; 14
A70: 3000451 | B70: CINTA C/ CATRACA 160KG 3MT | C70: 3000451 | D70: 5; 6; 13; 14
A71: 3000452 | B71: CINTA C/ CATRACA 2000KG 8MTS | C71: 3000452 | D71: 5; 6; 13; 14
A72: 3000453 | B72: CINTA C/ CATRACA 3000KG 6.5MT | C72: 3000453 | D72: 5; 6; 13; 14
A73: 3000454 | B73: CINTA C/ CATRACA 500/1000KG - 6MT | C73: 3000454 | D73: 5; 6; 13; 14
A74: 3000455 | B74: CINTA C/ CATRACA ATÉ 2500KG 8.6MT | C74: 3000455 | D74: 5; 6; 13; 14
A75: 3000465 | B75: COLETE REFLETOR TAM. L | C75: 3000465 | D75: 7; 12
... A80: 3000470 | B80: COLETE TAM. 3XL | C80: 3000470 | D80: 7; 12
A81: 3000506 | B81: CORDA ABSORBICA Y 80CM | C81: 3000506 | D81: 1
A82: 3000507 | B82: CORDA ABSORV. ENERGIA Y C/ MOSQUETÃO ABM+LB122 | C82: 3000507 | D82: 1
A83: 3000516 | B83: CORDA PROTEÇÃO 2MT | C83: 3000516 | D83: 1
A84: 3000517 | B84: CORDA PROTEÇÃO 3MT | C84: 3000517 | D84: 1
A85: 3000518 | B85: CORDA Y C/ ABSORVEDOR DE ENERGIA 1.2MT | C85: 3000518 | D85: 1
A86: 3000519 | B86: CORDA Y C/ ABSORVEDOR DE ENERGIA 1.5MT | C86: 3000519 | D86: 1
A87: 3000520 | B87: CORDA Y C/MOSQUETÃO LB 102 | C87: 3000520 | D87: 1
A88: 3000521 | B88: CORDA Y C/MOSQUETÃO LB 122 | C88: 3000521 | D88: 1
A89: 3000599 | B89: FITA APERTO P/CAPACETE | C89: 3000599
A90: 3000831 | B90: LUVAS LATEX TAM. 3XL | C90: 3000831 | D90: 5; 6; 13; 14
A91: 3000832 | B91: LUVAS LATEX TAM. L | C91: 3000832 | D91: 5; 6; 13; 14
A92: 3000833 | B92: LUVAS LATEX TAM. M | C92: 3000833 | D92: 5; 6; 13; 14
A93: 3000834 | B93: LUVAS LATEX TAM. S | C93: 3000834 | D93: 5; 6; 13; 14
A94: 3000835 | B94: LUVAS LATEX TAM. XL | C94: 3000835 | D94: 5; 6; 13; 14
A95: 3000836 | B95: LUVAS LATEX TAM. XXL | C95: 3000836 | D95: 5; 6; 13; 14
A96: 3000837 | B96: LUVAS NITRIL PRETO TAM. 3XL | C96: 3000837 | D96: 5; 6; 13; 14
A97: 3000838 | B97: LUVAS NITRIL PRETO TAM. L | C97: 3000838 | D97: 5; 6; 13; 14
A98: 3000839 | B98: LUVAS NITRIL PRETO TAM. M | C98: 3000839 | D98: 5; 6; 13; 14
A99: 3000840 | B99: LUVAS NITRIL PRETO TAM. S | C99: 3000840 | D99: 5; 6; 13; 14
A100: 3000841 | B100: LUVAS NITRIL PRETO TAM. XL | C100: 3000841 | D100: 5; 6; 13; 14
A101: 3000842 | B101: LUVAS NITRIL PRETO TAM. XXL | C101: 3000842 | D101: 5; 6; 13; 14
A102: 3000934 | B102: MOSQUETÃO ALUMÍNIO ABERTURA 27MM | C102: 3000934 | D102: 1
A103: 3000935 | B103: MOSQUETÃO AMD TRIACT-LOCK | C103: 3000935 | D103: 1
A104: 3000936 | B104: MOSQUETÃO DE ALUMÍNIO | C104: 3000936 | D104: 1
A105: 3000937 | B105: MOSQUETÃO DE ALUMÍNIO ABE.27MM AM'D SCREW-LOCK | C105: 3000937 | D105: 1
A106: 3000938 | B106: MOSQUETÃO DE ALUMÍNIO ABERTURA 21MM | C106: 3000938 | D106: 1
A107: 3000939 | B107: MOSQUETÃO MGO OPEN CONNECTOR | C107: 3000939 | D107: 1
A108: 3000940 | B108: MOSQUETÃO MOD. 3 (ABERTURA 16MM) | C108: 3000940 | D108: 1
A109: 3000941 | B109: MOSQUETÃO MOD.30 - FERRO (ABERTURA 16MM) | C109: 3000941 | D109: 1
A110: 3000956 | B110: ÓCULOS C/ PROTEÇÃO LATERAL | C110: 3000956 | D110: 13
A111: 3001015 | B111: PARKA IMPERM. ALTA VISIB. TAM. 3XL | C111: 3001015 | D111: 5; 11; 13
A112: 3001016 | B112: PARKA IMPERM. ALTA VISIB. TAM. L | C112: 3001016 | D112: 5; 11; 13
A113: 3001017 | B113: PARKA IMPERM. ALTA VISIB. TAM. M | C113: 3001017 | D113: 5; 11; 13
A114: 3001018 | B114: PARKA IMPERM. ALTA VISIB. TAM. S | C114: 3001018 | D114: 5; 11; 13
A115: 3001019 | B115: PARKA IMPERM. ALTA VISIB. TAM. XL | C115: 3001019 | D115: 5; 11; 13
A116: 3001020 | B116: PARKA IMPERM. ALTA VISIB. TAM. XS | C116: 3001020 | D116: 5; 11; 13
A117: 3001021 | B117: PARKA IMPERM. ALTA VISIB. TAM. XXL | C117: 3001021 | D117: 5; 11; 13
A118: 3001161 | B118: SACO 30L TUBE NOIR | C118: 3001161
A119: 3001167 | B119: SACO TRANSPORTE EPIS BLP-003 | C119: 3001167
A120: 3001168 | B120: SAPATO AVENUE MONTAIGNE T38 | C120: 3001168 | D120: 3; 4; 6; 11; 12; 13; 14
A121: 3001169 | B121: SAPATO AVENUE MONTAIGNE T40 | C121: 3001169 | D121: 3; 4; 6; 11; 12; 13; 14
A122: 3001170 | B122: SAPATO AVENUE MONTAIGNE T41 | C122: 3001170 | D122: 3; 4; 6; 11; 12; 13; 14
A123: 3001171 | B123: SAPATO CITY OXFORD T42 | C123: 3001171 | D123: 3; 4; 6; 11; 12; 13; 14
A124: 3001172 | B124: SAPATO JUMPER T42 | C124: 3001172 | D124: 3; 4; 6; 11; 12; 13; 14
A125: 3001173 | B125: SAPATO RAPTOR T43 | C125: 3001173 | D125: 3; 4; 6; 11; 12; 13; 14
A126: 3001174 | B126: SAPATO SERPA T37 | C126: 3001174 | D126: 3; 4; 6; 11; 12; 13; 14
A127: 3001175 | B127: SAPATO SERPA T38 | C127: 3001175 | D127: 3; 4; 6; 11; 12; 13; 14
A128: 3001176 | B128: SAPATO SERPA T39 | C128: 3001176 | D128: 3; 4; 6; 11; 12; 13; 14
A129: 3001177 | B129: SAPATO SERPA T40 | C129: 3001177 | D129: 3; 4; 6; 11; 12; 13; 14
A130: 3001178 | B130: SAPATO SERPA T41 | C130: 3001178 | D130: 3; 4; 6; 11; 12; 13; 14
A131: 3001179 | B131: SAPATO SERPA T42 | C131: 3001179 | D131: 3; 4; 6; 11; 12; 13; 14
... A164: 3001376 | B164: T-SHIRT TAM. XXL | C164: 3001376 | D164: 5; 11; 13

Sheet Funcionários
A1: Nº | B1: COLABORADORES | C1: Nº
A2: 368 | B2: Adriano Oliveira de Souza | C2: =A2 -> 368
A3: 476 | B3: Ailton Pereira | C3: =A3 -> 476
A4: 382 | B4: Alexandre Vaz | C4: =A4 -> 382
A5: 153 | B5: Alisson André Machado Nogueira | C5: =A5 -> 153
A6: 361 | B6: Alisson Silva de Oliveira | C6: =A6 -> 361
A7: 66 | B7: Alisson Torres Emerick | C7: =A7 -> 66
A8: 232 | B8: Allan Vieira | C8: =A8 -> 232
A9: 234 | B9: Amadeu Neto | C9: =A9 -> 234
A10: 220 | B10: Amos Krebel | C10: =A10 -> 220
A11: 173 | B11: Anderson Ferreira Rodrigues de Oliveira | C11: =A11 -> 173
A12: 344 | B12: Anderson Junior | C12: =A12 -> 344
A13: 114 | B13: Anderson Rufino da Silva | C13: =A13 -> 114
... A319: 646 | B319: Wemerson Oliveira | C319: =A319 -> 646
B320: Valcu Ioan
B321: Cioclei Vasile
B322: Gaspar Dumitru
B323: Garspar Nicolae
B324: Cioaba Aris
B325: Munteanu Florin
B326: Gaspar Ion
B327: Dogaru Ion
B328: Teslici Ionut
B329: Paveloiu Romica
B330: Gaspar Constantin
B331: Dadalau Vasile
