Workbook

Sheet RA
A1: Requisição de Armazém
A2: Equipa | B2: CAB_GRD02
A3: Armz. | B3: =IFERROR(VLOOKUP(B2,WH!B:C,2,FALSE),"") -> V474
A4: Data de Necessidade | C4: 46106
A5: Janela Horária
A6: Data de Levamento
A7: Artigo | B7: Descrição | C7: Quantidade | D7: Posição
A8: 3000575 | B8: =VLOOKUP(A8,Artigos!A:B,2,FALSE) -> ESCADA 9MT | C8: 1
B9: =VLOOKUP(A9,Artigos!A:B,2,FALSE) -> #N/A
B10: =VLOOKUP(A10,Artigos!A:B,2,FALSE) -> #N/A
B11: =VLOOKUP(A11,Artigos!A:B,2,FALSE) -> #N/A
B12: =VLOOKUP(A12,Artigos!A:B,2,FALSE) -> #N/A
B13: =VLOOKUP(A13,Artigos!A:B,2,FALSE) -> #N/A
B14: =VLOOKUP(A14,Artigos!A:B,2,FALSE) -> #N/A
B15: =VLOOKUP(A15,Artigos!A:B,2,FALSE) -> #N/A
B16: =VLOOKUP(A16,Artigos!A:B,2,FALSE) -> #N/A
B17: =VLOOKUP(A17,Artigos!A:B,2,FALSE) -> #N/A
B18: =VLOOKUP(A18,Artigos!A:B,2,FALSE) -> #N/A
B19: =VLOOKUP(A19,Artigos!A:B,2,FALSE) -> #N/A
B20: =VLOOKUP(A20,Artigos!A:B,2,FALSE) -> #N/A
... B95: =VLOOKUP(A95,Artigos!A:B,2,FALSE) -> #N/A

Sheet Devolução
A1: Devolução Armazém
A2: Equipa | B2: cab_grd02
A3: Armz. | B3: =IFERROR(VLOOKUP(B2,WH!B:C,2,FALSE),"") -> V474
A4: Equipa
A5: Data de Necessidade | C5: 46106
A6: Janela Horária
A7: Data de Levamento
A8: Artigo | B8: Descrição | C8: Quantidade | D8: Posição
A9: 3000575 | B9: =VLOOKUP(A9,Artigos!A:B,2,FALSE) -> ESCADA 9MT | C9: 1
B10: =VLOOKUP(A10,Artigos!A:B,2,FALSE) -> #N/A
B11: =VLOOKUP(A11,Artigos!A:B,2,FALSE) -> #N/A
B12: =VLOOKUP(A12,Artigos!A:B,2,FALSE) -> #N/A
B13: =VLOOKUP(A13,Artigos!A:B,2,FALSE) -> #N/A
B14: =VLOOKUP(A14,Artigos!A:B,2,FALSE) -> #N/A
B15: =VLOOKUP(A15,Artigos!A:B,2,FALSE) -> #N/A
B16: =VLOOKUP(A16,Artigos!A:B,2,FALSE) -> #N/A
B17: =VLOOKUP(A17,Artigos!A:B,2,FALSE) -> #N/A
B18: =VLOOKUP(A18,Artigos!A:B,2,FALSE) -> #N/A
B19: =VLOOKUP(A19,Artigos!A:B,2,FALSE) -> #N/A
B20: =VLOOKUP(A20,Artigos!A:B,2,FALSE) -> #N/A
B21: =VLOOKUP(A21,Artigos!A:B,2,FALSE) -> #N/A
... B48: =VLOOKUP(A48,Artigos!A:B,2,FALSE) -> #N/A

Sheet Artigos
A1: Artigo | B1: Descrição | C1: Tratamento Series | D1: Tratamento Lotes
A2: 3000003 | B2: ABIA AIRSCALE CAPACITY REMANUFACTURED | C2: =FALSE() -> FALSE | D2: =FALSE() -> FALSE
A3: 3000004 | B3: ABIO AIRSCALE CAPACITY (475266A)_NOKIA | C3: =FALSE() -> FALSE | D3: =FALSE() -> FALSE
A4: 3000006 | B4: ABRAÇADEIRA INOX 100-120MM | C4: =FALSE() -> FALSE | D4: =FALSE() -> FALSE
A5: 3000007 | B5: ABRAÇADEIRA INOX 110-130MM | C5: =FALSE() -> FALSE | D5: =FALSE() -> FALSE
A6: 3000008 | B6: ABRAÇADEIRA INOX 60-80MM | C6: =FALSE() -> FALSE | D6: =FALSE() -> FALSE
A7: 3000009 | B7: ABRAÇADEIRA INOX 70-90MM | C7: =FALSE() -> FALSE | D7: =FALSE() -> FALSE
A8: 3000010 | B8: ABRAÇADEIRA INOX 92-97MM | C8: =FALSE() -> FALSE | D8: =FALSE() -> FALSE
A9: 3000011 | B9: ABRAÇADEIRA M12 P/ TUBO Ø121 C/ 130MM 8.8 GALVAN | C9: =FALSE() -> FALSE | D9: =FALSE() -> FALSE
A10: 3000012 | B10: ABRAÇADEIRA M12 P/ TUBO Ø89 C/ 105MM 8.8 GALVAN | C10: =FALSE() -> FALSE | D10: =FALSE() -> FALSE
A11: 3000013 | B11: ABRAÇADEIRA M12 P/ TUBO Ø89 C/ 115MM 8.8 GALVAN | C11: =FALSE() -> FALSE | D11: =FALSE() -> FALSE
A12: 3000014 | B12: ABRAÇADEIRA METÁLICA 362X4.6MM | C12: =FALSE() -> FALSE | D12: =FALSE() -> FALSE
A13: 3000015 | B13: ABRAÇADEIRA METÁLICA INOX 90-110MM | C13: =FALSE() -> FALSE | D13: =FALSE() -> FALSE
... A2263: 3003199 | B2263: CARRO DE TRANSPORTE 250 KGS | C2263: =FALSE() -> FALSE | D2263: =FALSE() -> FALSE
A2264: 300320_x000D_9 | B2264: POLO LOGO DIGI MANGA COMPRIDA TAM. 4XL ( MK ) | C2264: =FALSE() -> FALSE | D2264: =FALSE() -> FALSE
A2265: 3003200 | B2265: CARRO DE TRANSPORTE 300 KGS | C2265: =FALSE() -> FALSE | D2265: =FALSE() -> FALSE
A2266: 3003201 | B2266: VARÃO ROSCADO M12X300MM (GR.8.8 ZN) | C2266: =FALSE() -> FALSE | D2266: =FALSE() -> FALSE
A2267: 3003202 | B2267: BUCHA DE FIXAÇÃO M10X105MM | C2267: =FALSE() -> FALSE | D2267: =FALSE() -> FALSE
A2268: 3003203 | B2268: CAIXA P/ CONVERSOR P/ BOOK RRU 230V/-48V | C2268: =FALSE() -> FALSE | D2268: =FALSE() -> FALSE
A2269: 3003204 | B2269: DISJUNTOR DIFERENCIAL 2P 6A 30MA | C2269: =FALSE() -> FALSE | D2269: =FALSE() -> FALSE
A2270: 3003205 | B2270: CONVERSOR ELETRICO RSP-320-48V | C2270: =FALSE() -> FALSE | D2270: =FALSE() -> FALSE
A2271: 3003206 | B2271: POLO LOGO DIGI MANGA CURTA TAM. 3XL ( MK ) | C2271: =FALSE() -> FALSE | D2271: =FALSE() -> FALSE
A2272: 3003207 | B2272: POLO LOGO DIGI MANGA CURTA TAM. 4XL ( MK ) | C2272: =FALSE() -> FALSE | D2272: =FALSE() -> FALSE
A2273: 3003208 | B2273: POLO LOGO DIGI MANGA COMPRIDA TAM. 3XL ( MK ) | C2273: =FALSE() -> FALSE | D2273: =FALSE() -> FALSE
A2274: 3003209 | B2274: POLO LOGO DIGI MANGA COMPRIDA TAM. 4XL ( MK ) | C2274: =FALSE() -> FALSE | D2274: =FALSE() -> FALSE
A2275: 3003210 | B2275: FOLHAS COMISSOES DEALERS AGO 25 (MK) | C2275: =FALSE() -> FALSE | D2275: =FALSE() -> FALSE
A2276: 3003211 | B2276: CHAVE COMBINADA S/ROQUETE 36MM | C2276: =FALSE() -> FALSE | D2276: =FALSE() -> FALSE
... A2365: 3003314 | B2365: PONTEIRA Ø70 P/ ESCORA G/Q | C2365: =FALSE() -> FALSE | D2365: =FALSE() -> FALSE

Sheet WH
A1: Armazém | B1: Descrição | C1: Armazém
A2: A | B2: CACÉM | C2: A
A3: AÇOR1 | B3: ILHA TERCEIRA | C3: AÇOR1
A4: AÇOR2 | B4: ILHA DO PICO | C4: AÇOR2
A5: AÇOR3 | B5: ILHA DO FAIAL | C5: AÇOR3
A6: AÇOR4 | B6: ILHA DAS FLORES | C6: AÇOR4
A7: AÇOR5 | B7: ILHA DA GRACIOSA | C7: AÇOR5
A8: AÇOR6 | B8: ILHA DE SÃO JORGE | C8: AÇOR6
A9: AÇOR7 | B9: ILHA DE SANTA MARIA | C9: AÇOR7
A10: AÇOR8 | B10: ILHA DO CORVO | C10: AÇOR8
A11: AÇORE | B11: ILHA PONTA DELGADA | C11: AÇORE
A12: APE.A | B12: APEADOS CACÉM | C12: APE.A
... A956: LISBOA | B956: LISBOA | C956: A

Sheet Transferência
A1: Transferência de Armazéns
A2: Equipa Origem
A3: Armz. Origem
A4: Artigo | B4: Descrição | C4: Quantidade
B5: =VLOOKUP(A5,#REF!,2,FALSE) -> #REF!
B6: =VLOOKUP(A6,#REF!,2,FALSE) -> #REF!
B7: =VLOOKUP(A7,#REF!,2,FALSE) -> #REF!
A8: Equipa Destino
A9: Armz. Destino
